{"racingobjects":[],"rounds":[],"vehicles":[{"id":"1","Number":"1","Transmitter":"1","Active":"true"},{"id":"2","Number":"2","Transmitter":"17","Active":"true"},{"id":"3","Number":"3","Transmitter":"44","Active":"true"},{"id":"4","Number":"4","Transmitter":"4","Active":"true"},{"id":"5","Number":"5","Transmitter":"5","Active":"true"},{"id":"6","Number":"6","Transmitter":"26","Active":"true"},{"id":"8","Active":"true"},{"id":"9","Number":"8","Transmitter":"44","Active":"true"},{"id":"10","Number":"7","Transmitter":"19","Active":"true"},{"id":"11","Number":"15","Transmitter":"48","Active":"true"},{"id":"12","Number":"10","Active":"true"},{"id":"13","Number":"11","Active":"true"},{"id":"14","Number":"12","Transmitter":"22","Active":"true"},{"id":"15","Number":"13","Transmitter":"30","Active":"true"},{"id":"16","Number":"14","Active":"true"},{"id":"17","Number":"15","Transmitter":"48","Active":"true"},{"id":"18","Number":"16","Active":"true"},{"id":"19","Number":"17","Active":"true"},{"id":"20","Number":"18","Active":"true"},{"id":"21","Number":"29","Transmitter":"29","Active":"false"},{"id":"22","Number":"21","Transmitter":"21","Active":"false"},{"id":"23","Number":"35","Transmitter":"35","Active":"false"}],"drivers":[{"id":"1","Email":"","lastName":"","firstName":"jose luis","postCode":"","City":"","dateOfBirth":"0001-01-01T00:00:00-03:00","Gender":"true","Newsletter":"true","Card":""},{"id":"2","Email":"","lastName":"prado","firstName":"jose luis","postCode":"","City":"","dateOfBirth":"0001-01-01T00:00:00-03:00","Gender":"true","Newsletter":"true","Card":""},{"id":"3","Email":"","lastName":"prasdo","firstName":"jose luis","postCode":"","City":"","dateOfBirth":"0001-01-01T00:00:00-03:00","Gender":"true","Newsletter":"true","Card":""},{"id":"4","Email":"","lastName":"","firstName":"jose luis","postCode":"","City":"","dateOfBirth":"0001-01-01T00:00:00-03:00","Gender":"true","Newsletter":"true","Card":""},{"id":"5","Email":"","lastName":"","firstName":"jose luis","postCode":"","City":"","dateOfBirth":"0001-01-01T00:00:00-03:00","Gender":"true","Newsletter":"true","Card":""},{"id":"6","Email":"","lastName":"","firstName":"miguel pinto","postCode":"","City":"","dateOfBirth":"0001-01-01T00:00:00-03:00","Gender":"true","Newsletter":"true","Card":""},{"id":"7","Email":"","lastName":"","firstName":"pollito","postCode":"","City":"","dateOfBirth":"0001-01-01T00:00:00-03:00","Gender":"true","Newsletter":"true","Card":""},{"id":"8","Email":"","lastName":"","firstName":"pollito","postCode":"","City":"","dateOfBirth":"0001-01-01T00:00:00-03:00","Gender":"true","Newsletter":"true","Card":""},{"id":"9","Email":"","lastName":"","firstName":"pollito","postCode":"","City":"","dateOfBirth":"0001-01-01T00:00:00-03:00","Gender":"true","Newsletter":"true","Card":""},{"id":"10","Email":"","lastName":"","firstName":"marcelo figueroa","postCode":"","City":"","dateOfBirth":"0001-01-01T00:00:00-03:00","Gender":"true","Newsletter":"true","Card":""},{"id":"12","Email":"","lastName":"quiceno","firstName":"juan","postCode":"","City":"","dateOfBirth":"0001-01-01T00:00:00-03:00","Gender":"true","Newsletter":"true","Card":""},{"id":"13","Email":"","lastName":"quiceno","firstName":"juan david","postCode":"","City":"","dateOfBirth":"0001-01-01T00:00:00-03:00","Gender":"true","Newsletter":"true","Card":""},{"id":"14","Email":"","lastName":"","firstName":"alexis","postCode":"","City":"","dateOfBirth":"0001-01-01T00:00:00-03:00","Gender":"true","Newsletter":"true","Card":""},{"id":"15","Email":"","lastName":"","firstName":"eduardo","postCode":"","City":"","dateOfBirth":"0001-01-01T00:00:00-03:00","Gender":"true","Newsletter":"true","Card":""},{"id":"16","Email":"","lastName":"aranda","firstName":"gonzalo","postCode":"","City":"","dateOfBirth":"0001-01-01T00:00:00-03:00","Gender":"true","Newsletter":"true","Card":""},{"id":"17","Email":"","lastName":"melendez","firstName":"jorge","postCode":"","City":"","dateOfBirth":"0001-01-01T00:00:00-03:00","Gender":"true","Newsletter":"true","Card":""}]}