{"racingobjects":[],"rounds":[],"vehicles":[{"id":"99","Number":"8","Transmitter":"35","Active":"true"},{"id":"111","Number":"9","Transmitter":"37","Active":"true"},{"id":"114","Number":"33","Transmitter":"4","Active":"true"},{"id":"117","Number":"35","Transmitter":"38","Active":"true"},{"id":"119","Number":"21","Transmitter":"45","Active":"true"},{"id":"120","Number":"19","Transmitter":"39","Active":"true"},{"id":"124","Number":"20","Transmitter":"46","Active":"true"},{"id":"127","Number":"37","Transmitter":"2","Active":"true"},{"id":"128","Number":"7","Transmitter":"55","Active":"true"},{"id":"131","Number":"22","Transmitter":"1","Active":"true"},{"id":"132","Number":"34","Transmitter":"36","Active":"true"},{"id":"134","Number":"30","Transmitter":"13","Active":"true"},{"id":"142","Number":"38","Transmitter":"53","Active":"true"},{"id":"144","Number":"14","Transmitter":"57","Active":"true"},{"id":"149","Number":"10","Transmitter":"41","Active":"true"},{"id":"150","Number":"14","Transmitter":"10","Active":"true"},{"id":"152","Number":"8","Transmitter":"8","Active":"true"},{"id":"153","Number":"14","Transmitter":"14","Active":"false"},{"id":"154","Number":"62","Transmitter":"62","Active":"false"},{"id":"155","Number":"54","Transmitter":"54","Active":"false"},{"id":"156","Number":"12","Transmitter":"30","Active":"false"},{"id":"157","Number":"12","Transmitter":"12","Active":"false"},{"id":"158","Number":"44","Transmitter":"44","Active":"false"},{"id":"159","Number":"30","Transmitter":"60","Active":"true"},{"id":"161","Number":"34","Transmitter":"15","Active":"true"},{"id":"162","Number":"8","Transmitter":"8","Active":"true"},{"id":"163","Number":"56","Transmitter":"56","Active":"false"},{"id":"164","Number":"36","Transmitter":"32","Active":"false"},{"id":"165","Number":"15","Transmitter":"15","Active":"false"},{"id":"166","Number":"43","Transmitter":"43","Active":"false"},{"id":"167","Number":"34","Transmitter":"34","Active":"true"},{"id":"168","Number":"23","Transmitter":"23","Active":"false"},{"id":"169","Number":"31","Transmitter":"31","Active":"false"}],"drivers":[{"id":"1","Email":"IgnacioRKV","lastName":"","firstName":"161633763","postCode":"","City":"","dateOfBirth":"0001-01-01T00:00:00-03:00","Gender":"false","Newsletter":"true","Card":""},{"id":"2","Email":"PabloRKV","lastName":"","firstName":"151019315","postCode":"","City":"","dateOfBirth":"0001-01-01T00:00:00-03:00","Gender":"false","Newsletter":"true","Card":""},{"id":"3","Email":"","lastName":"","firstName":"mathi rk","postCode":"","City":"","dateOfBirth":"0001-01-01T00:00:00-03:00","Gender":"true","Newsletter":"true","Card":""},{"id":"4","Email":"","lastName":"","firstName":"emma","postCode":"","City":"","dateOfBirth":"0001-01-01T00:00:00-03:00","Gender":"true","Newsletter":"true","Card":""},{"id":"5","Email":"","lastName":"","firstName":"a.a. rk","postCode":"","City":"","dateOfBirth":"0001-01-01T00:00:00-03:00","Gender":"true","Newsletter":"true","Card":""},{"id":"6","Email":"","lastName":"","firstName":"mathi rk N°09 ","postCode":"","City":"","dateOfBirth":"0001-01-01T00:00:00-03:00","Gender":"true","Newsletter":"true","Card":""},{"id":"7","Email":"","lastName":"","firstName":"lucaasss","postCode":"","City":"","dateOfBirth":"0001-01-01T00:00:00-03:00","Gender":"true","Newsletter":"true","Card":""},{"id":"10","Email":"","lastName":"","firstName":"lucas master","postCode":"","City":"","dateOfBirth":"0001-01-01T00:00:00-03:00","Gender":"true","Newsletter":"true","Card":""},{"id":"11","Email":"","lastName":"","firstName":"andrea G","postCode":"","City":"","dateOfBirth":"0001-01-01T00:00:00-03:00","Gender":"true","Newsletter":"true","Card":""},{"id":"12","Email":"","lastName":"","firstName":"emmanuel","postCode":"","City":"","dateOfBirth":"0001-01-01T00:00:00-03:00","Gender":"true","Newsletter":"true","Card":""},{"id":"13","Email":"","lastName":"","firstName":"RUDOLF","postCode":"","City":"","dateOfBirth":"0001-01-01T00:00:00-03:00","Gender":"true","Newsletter":"true","Card":""},{"id":"14","Email":"","lastName":"","firstName":"SHALOO","postCode":"","City":"","dateOfBirth":"0001-01-01T00:00:00-03:00","Gender":"true","Newsletter":"true","Card":""},{"id":"15","Email":"","lastName":"","firstName":"GOTZE","postCode":"","City":"","dateOfBirth":"0001-01-01T00:00:00-03:00","Gender":"true","Newsletter":"true","Card":""},{"id":"17","Email":"","lastName":"","firstName":"Gotze","postCode":"","City":"","dateOfBirth":"0001-01-01T00:00:00-03:00","Gender":"true","Newsletter":"true","Card":""},{"id":"18","Email":"","lastName":"","firstName":"francisco ugarte","postCode":"","City":"","dateOfBirth":"0001-01-01T00:00:00-03:00","Gender":"true","Newsletter":"true","Card":""},{"id":"21","Email":"","lastName":"","firstName":"emmanuel2","postCode":"","City":"","dateOfBirth":"0001-01-01T00:00:00-03:00","Gender":"true","Newsletter":"true","Card":""},{"id":"22","Email":"","lastName":"","firstName":"pablo r","postCode":"","City":"","dateOfBirth":"0001-01-01T00:00:00-03:00","Gender":"false","Newsletter":"true","Card":""},{"id":"23","Email":"","lastName":"","firstName":"ricardo r","postCode":"","City":"","dateOfBirth":"0001-01-01T00:00:00-03:00","Gender":"false","Newsletter":"true","Card":""},{"id":"26","Email":"","lastName":"","firstName":"pin pon r","postCode":"","City":"","dateOfBirth":"0001-01-01T00:00:00-03:00","Gender":"false","Newsletter":"true","Card":""},{"id":"27","Email":"","lastName":"","firstName":"boris r","postCode":"","City":"","dateOfBirth":"0001-01-01T00:00:00-03:00","Gender":"false","Newsletter":"true","Card":""},{"id":"28","Email":"","lastName":"francoo","firstName":"","postCode":"","City":"","dateOfBirth":"0001-01-01T00:00:00-03:00","Gender":"true","Newsletter":"true","Card":""},{"id":"29","Email":"","lastName":"","firstName":"kevin rk","postCode":"","City":"","dateOfBirth":"0001-01-01T00:00:00-03:00","Gender":"false","Newsletter":"true","Card":""},{"id":"33","Email":"","lastName":"emmanuellllll","firstName":"","postCode":"","City":"","dateOfBirth":"0001-01-01T00:00:00-03:00","Gender":"true","Newsletter":"true","Card":""},{"id":"34","Email":"","lastName":"","firstName":"benja g 14","postCode":"","City":"","dateOfBirth":"0001-01-01T00:00:00-03:00","Gender":"true","Newsletter":"true","Card":""},{"id":"35","Email":"","lastName":"","firstName":"adriano g 10","postCode":"","City":"","dateOfBirth":"0001-01-01T00:00:00-03:00","Gender":"true","Newsletter":"true","Card":""},{"id":"36","Email":"","lastName":"","firstName":"marco quiroz","postCode":"","City":"","dateOfBirth":"0001-01-01T00:00:00-03:00","Gender":"true","Newsletter":"true","Card":""},{"id":"37","Email":"","lastName":"","firstName":"mathi rk","postCode":"","City":"","dateOfBirth":"0001-01-01T00:00:00-03:00","Gender":"true","Newsletter":"true","Card":""},{"id":"38","Email":"","lastName":"","firstName":"gotze","postCode":"","City":"","dateOfBirth":"0001-01-01T00:00:00-03:00","Gender":"true","Newsletter":"true","Card":""},{"id":"39","Email":"","lastName":"emmanuel","firstName":"","postCode":"","City":"","dateOfBirth":"0001-01-01T00:00:00-03:00","Gender":"true","Newsletter":"true","Card":""},{"id":"40","Email":"16163376-3","lastName":"Vega","firstName":"Ignacio","postCode":"","City":"","dateOfBirth":"0001-01-01T00:00:00-03:00","Gender":"false","Newsletter":"true","Card":""},{"id":"41","Email":"","lastName":"","firstName":"161633763","postCode":"","City":"","dateOfBirth":"0001-01-01T00:00:00-03:00","Gender":"true","Newsletter":"true","Card":""},{"id":"42","Email":"","lastName":"","firstName":"161633763","postCode":"","City":"","dateOfBirth":"0001-01-01T00:00:00-03:00","Gender":"false","Newsletter":"true","Card":""},{"id":"43","Email":"","lastName":"","firstName":"161633763","postCode":"","City":"","dateOfBirth":"0001-01-01T00:00:00-03:00","Gender":"false","Newsletter":"true","Card":""},{"id":"44","Email":"","lastName":"","firstName":"151019315","postCode":"","City":"","dateOfBirth":"0001-01-01T00:00:00-03:00","Gender":"true","Newsletter":"true","Card":""},{"id":"45","Email":"","lastName":"","firstName":"11111111111","postCode":"","City":"","dateOfBirth":"0001-01-01T00:00:00-03:00","Gender":"true","Newsletter":"true","Card":""},{"id":"46","Email":"","lastName":"","firstName":"22222222222","postCode":"","City":"","dateOfBirth":"0001-01-01T00:00:00-03:00","Gender":"true","Newsletter":"true","Card":""},{"id":"47","Email":"","lastName":"","firstName":"151019315","postCode":"","City":"","dateOfBirth":"0001-01-01T00:00:00-03:00","Gender":"true","Newsletter":"true","Card":""},{"id":"49","Email":"","lastName":"","firstName":"170460545","postCode":"","City":"","dateOfBirth":"0001-01-01T00:00:00-03:00","Gender":"true","Newsletter":"true","Card":""},{"id":"50","Email":"","lastName":"","firstName":"151019315","postCode":"","City":"","dateOfBirth":"0001-01-01T00:00:00-03:00","Gender":"false","Newsletter":"true","Card":""},{"id":"51","Email":"","lastName":"","firstName":"189159633","postCode":"","City":"","dateOfBirth":"0001-01-01T00:00:00-03:00","Gender":"true","Newsletter":"true","Card":""},{"id":"52","Email":"","lastName":"","firstName":"170460545","postCode":"","City":"","dateOfBirth":"0001-01-01T00:00:00-03:00","Gender":"true","Newsletter":"true","Card":""}]}